{"count":1,"self":858.8328448,"total":12936.5353714,"children":{"InitializeActuators":{"count":18,"self":0.0010008999999999999,"total":0.0010008999999999999,"children":null},"InitializeSensors":{"count":18,"self":0.0010008,"total":0.0010008,"children":null},"AgentSendState":{"count":6672784,"self":34.6298368,"total":186.0148556,"children":{"CollectObservations":{"count":24022854,"self":13.7633744,"total":13.763373999999999,"children":null},"WriteActionMask":{"count":24022854,"self":6.7384248,"total":6.7384249,"children":null},"RequestDecision":{"count":24022854,"self":23.9339136,"total":130.8832204,"children":{"AgentInfo.ToProto":{"count":24022854,"self":23.5865296,"total":106.9493076,"children":{"GenerateSensorData":{"count":24022854,"self":83.3627776,"total":83.3627779,"children":null}}}}}}},"DecideAction":{"count":6672784,"self":11845.315788799999,"total":11845.315732,"children":null},"AgentAct":{"count":6672784,"self":44.215744,"total":44.2157432,"children":null},"AgentInfo.ToProto":{"count":274902,"self":0.5467405,"total":2.1531759,"children":{"GenerateSensorData":{"count":274902,"self":1.6064353999999998,"total":1.6064353999999998,"children":null}}}},"gauges":{"Player2Paddle.CumulativeReward":{"count":137451,"max":42.5,"min":-0.25,"runningAverage":2.12352753,"value":1.75,"weightedAverage":1.83118367},"Player1Paddle.CumulativeReward":{"count":137451,"max":39.75,"min":-0.25,"runningAverage":2.1223712,"value":0.5,"weightedAverage":1.02488315}},"metadata":{"timer_format_version":"0.1.0","start_time_seconds":"1638458428","unity_version":"2020.3.11f1","command_line_arguments":"F:\\Program Files\\Unity Engine\\2020.3.11f1\\Editor\\Unity.exe -projectpath F:\\UnitProjects\\IA2021-2\\Trabalho IA - GB - Pong -useHub -hubIPC -cloudEnvironment production -hubSessionId 998346b0-5288-11ec-a2f5-c9ab5567b4b9 -accessToken KLATYGn6g38dww2FGXkXwySNues9R_d1jl9pFLiJoqY004f","communication_protocol_version":"1.5.0","com.unity.ml-agents_version":"2.1.0-exp.1","scene_name":"SampleScene - Copy2","end_time_seconds":"1638471364"}}